"DESCRIPTION","DURATION IN MS","NAME","PARENT SUITE","START TIME","STATUS","STOP TIME","SUB SUITE","SUITE","TEST CLASS","TEST METHOD"
"Авторизоваться, выйти из профиля, проверить переход на страницу логина","2547","Проверка выхода из профиля","tests","2026-05-25","passed","2026-05-25","TestProfilePage","test_profile_page","",""
"Открыть страницу ленты заказов, перейти на главную страницу","1026","Проверка перехода на главную страницу с ленты заказов","tests","2026-05-25","passed","2026-05-25","TestMainPage","test_main_page","",""
"","1111","Проверка ввода почты и перехода на страницу сброса пароля","tests","2026-05-25","passed","2026-05-25","TestResetPasswordPage","test_reset_password_page","",""
"","5342","Увеличение счетчика заказов за сегодня","tests","2026-05-25","passed","2026-05-25","TestOrderFeedPage","test_order_feed_page","",""
"","9333","Наличие заказа из истории пользователя в ленте заказов","tests","2026-05-25","passed","2026-05-25","TestOrderFeedPage","test_order_feed_page","",""
"Закрыть окно с деталями, проверить что оно исчезло","16628","Проверка закрытия окна с деталями ингредиента","tests","2026-05-25","passed","2026-05-25","TestMainPage","test_main_page","",""
"Добавить ингредиент к бургеру, проверить увеличение счетчика","1131","Проверка добавления ингредиента типа ingredient в бургер","tests","2026-05-25","passed","2026-05-25","TestMainPage","test_main_page","",""
"Закрыть окно с деталями, проверить что оно исчезло","17145","Проверка закрытия окна с деталями ингредиента","tests","2026-05-25","passed","2026-05-25","TestMainPage","test_main_page","",""
"","8805","Созданный заказ отображается в истории заказов","tests","2026-05-25","passed","2026-05-25","TestOrderFeedPage","test_order_feed_page","",""
"","978","Проверка перехода на страницу восстановления пароля","tests","2026-05-25","passed","2026-05-25","TestForgotPasswordPage","test_forgot_password_page","",""
"Создать заказ с разным количеством ингредиентов","2931","Проверка создания заказа с 3 ингредиентами","tests","2026-05-25","passed","2026-05-25","TestMainPage","test_main_page","",""
"Создать пользователя, авторизоваться, проверить результат","1654","Проверка авторизации пользователя","tests","2026-05-25","passed","2026-05-25","TestLoginPage","test_login_page","",""
"Кликнуть на ингредиент, проверить отображение окна","1020","Проверка появления окна с деталями ингредиента","tests","2026-05-25","passed","2026-05-25","TestMainPage","test_main_page","",""
"","1470","Проверка активации поля ввода пароля","tests","2026-05-25","passed","2026-05-25","TestResetPasswordPage","test_reset_password_page","",""
"Открыть страницу логина, проверить загрузку","618","Проверка открытия страницы логина","tests","2026-05-25","passed","2026-05-25","TestLoginPage","test_login_page","",""
"Создать заказ, перейти в историю заказов, проверить отображение","11205","Проверка перехода в историю заказов","tests","2026-05-25","passed","2026-05-25","TestProfilePage","test_profile_page","",""
"Добавить ингредиент к бургеру, проверить увеличение счетчика","1104","Проверка добавления ингредиента типа ingredient в бургер","tests","2026-05-25","passed","2026-05-25","TestMainPage","test_main_page","",""
"Создать заказ, перейти в историю заказов, проверить отображение","8825","Проверка перехода в историю заказов","tests","2026-05-25","passed","2026-05-25","TestProfilePage","test_profile_page","",""
"","1275","Переход на страницу ленты заказов с главной страницы","tests","2026-05-25","passed","2026-05-25","TestOrderFeedPage","test_order_feed_page","",""
"","5337","Увеличение глобального счетчика заказов","tests","2026-05-25","passed","2026-05-25","TestOrderFeedPage","test_order_feed_page","",""
"","12808","Наличие заказа из истории пользователя в ленте заказов","tests","2026-05-25","passed","2026-05-25","TestOrderFeedPage","test_order_feed_page","",""
"","1378","Проверка активации поля ввода пароля","tests","2026-05-25","passed","2026-05-25","TestResetPasswordPage","test_reset_password_page","",""
"Создать заказ с разным количеством ингредиентов","2848","Проверка создания заказа с 1 ингредиентами","tests","2026-05-25","passed","2026-05-25","TestMainPage","test_main_page","",""
"","3991","Увеличение счетчика заказов за сегодня","tests","2026-05-25","passed","2026-05-25","TestOrderFeedPage","test_order_feed_page","",""
"Добавить ингредиент к бургеру, проверить увеличение счетчика","1150","Проверка добавления ингредиента типа bun в бургер","tests","2026-05-25","passed","2026-05-25","TestMainPage","test_main_page","",""
"","911","Появление окна с деталями заказа","tests","2026-05-25","passed","2026-05-25","TestOrderFeedPage","test_order_feed_page","",""
"Авторизоваться, выйти из профиля, проверить переход на страницу логина","2381","Проверка выхода из профиля","tests","2026-05-25","passed","2026-05-25","TestProfilePage","test_profile_page","",""
"","1089","Проверка ввода почты и перехода на страницу сброса пароля","tests","2026-05-25","passed","2026-05-25","TestResetPasswordPage","test_reset_password_page","",""
"","11837","Созданный заказ отображается в истории заказов","tests","2026-05-25","passed","2026-05-25","TestOrderFeedPage","test_order_feed_page","",""
"Авторизоваться, перейти в профиль, проверить загрузку","2162","Проверка перехода на страницу профиля","tests","2026-05-25","passed","2026-05-25","TestProfilePage","test_profile_page","",""
"Создать пользователя, авторизоваться, проверить результат","1789","Проверка авторизации пользователя","tests","2026-05-25","passed","2026-05-25","TestLoginPage","test_login_page","",""
"","1423","Переход на страницу ленты заказов с главной страницы","tests","2026-05-25","passed","2026-05-25","TestOrderFeedPage","test_order_feed_page","",""
"Авторизоваться, перейти в профиль, проверить загрузку","1953","Проверка перехода на страницу профиля","tests","2026-05-25","passed","2026-05-25","TestProfilePage","test_profile_page","",""
"Создать заказ с разным количеством ингредиентов","2758","Проверка создания заказа с 0 ингредиентами","tests","2026-05-25","passed","2026-05-25","TestMainPage","test_main_page","",""
"","1177","Появление окна с деталями заказа","tests","2026-05-25","passed","2026-05-25","TestOrderFeedPage","test_order_feed_page","",""
"Создать заказ с разным количеством ингредиентов","2897","Проверка создания заказа с 1 ингредиентами","tests","2026-05-25","passed","2026-05-25","TestMainPage","test_main_page","",""
"Открыть страницу логина, проверить загрузку","624","Проверка открытия страницы логина","tests","2026-05-25","passed","2026-05-25","TestLoginPage","test_login_page","",""
"Открыть страницу ленты заказов, перейти на главную страницу","1062","Проверка перехода на главную страницу с ленты заказов","tests","2026-05-25","passed","2026-05-25","TestMainPage","test_main_page","",""
"Создать заказ с разным количеством ингредиентов","2805","Проверка создания заказа с 3 ингредиентами","tests","2026-05-25","passed","2026-05-25","TestMainPage","test_main_page","",""
"Добавить ингредиент к бургеру, проверить увеличение счетчика","1094","Проверка добавления ингредиента типа bun в бургер","tests","2026-05-25","passed","2026-05-25","TestMainPage","test_main_page","",""
"Кликнуть на ингредиент, проверить отображение окна","1511","Проверка появления окна с деталями ингредиента","tests","2026-05-25","passed","2026-05-25","TestMainPage","test_main_page","",""
"Создать заказ с разным количеством ингредиентов","2557","Проверка создания заказа с 0 ингредиентами","tests","2026-05-25","passed","2026-05-25","TestMainPage","test_main_page","",""
"","3990","Увеличение глобального счетчика заказов","tests","2026-05-25","passed","2026-05-25","TestOrderFeedPage","test_order_feed_page","",""
"","1036","Проверка перехода на страницу восстановления пароля","tests","2026-05-25","passed","2026-05-25","TestForgotPasswordPage","test_forgot_password_page","",""
